round_no,trainee_name,birth_date,status,check_in,check_out
1,신민준,2001-10-15,출석,08:35,18:01
1,오서연,1999-12-27,출석,08:55,18:08
1,김지호,2001-06-24,출석,08:45,
1,임하윤,2003-09-22,출석,08:48,18:10
1,조도현,1998-11-10,출석,08:51,18:09
1,이수아,1995-12-26,결석,,
1,한예준,1993-02-26,출석,08:46,18:08
1,안지우,1995-05-16,인정결석,,
1,권건우,1990-08-28,출석,08:49,18:04
1,박서윤,1993-09-11,출석,08:37,18:01
1,윤현우,1998-07-06,출석,08:36,18:03
1,전지안,1992-05-02,출석,09:04,18:01
1,서우진,2004-11-05,출석,08:40,18:10
1,황하은,2001-08-28,조퇴,08:48,16:27
1,송선우,1991-02-16,출석,08:39,18:10
1,한다은,2004-08-28,지각,09:18,18:06
1,임시우,1995-02-09,출석,08:42,18:04
1,황유진,1998-02-23,인정결석,,
1,이주원,2004-01-13,출석,09:07,18:03
1,박채원,2000-10-25,출석,08:36,18:05
1,송지훈,1990-12-09,조퇴,08:48,15:03
1,황나은,1994-06-20,출석,09:01,18:11
1,송승현,2002-05-23,결석,,
1,정소율,1998-06-05,출석,08:50,18:03
1,이태윤,1995-04-09,출석,08:45,18:10
1,신아린,1996-12-21,출석,08:51,18:07
1,한재윤,1995-11-16,출석,08:45,18:08
1,황가영,2002-05-18,출석,09:00,18:01
1,서동현,1992-03-04,출석,08:46,18:02
1,권보라,1998-06-04,출석,08:43,18:09
2,신민준,2001-10-15,출석,08:51,18:09
2,오서연,1999-12-27,출석,08:43,18:02
2,김지호,2001-06-24,지각,09:35,18:04
2,임하윤,2003-09-22,출석,08:53,18:08
2,조도현,1998-11-10,출석,08:53,18:12
2,이수아,1995-12-26,출석,08:53,18:00
2,한예준,1993-02-26,출석,08:48,18:00
2,안지우,1995-05-16,출석,08:53,18:02
2,권건우,1990-08-28,출석,08:58,18:02
2,박서윤,1993-09-11,인정결석,,
2,윤현우,1998-07-06,출석,09:00,18:05
2,전지안,1992-05-02,출석,08:59,18:12
2,서우진,2004-11-05,출석,08:58,18:03
2,황하은,2001-08-28,출석,08:49,18:06
2,송선우,1991-02-16,출석,08:37,18:07
2,한다은,2004-08-28,출석,08:59,18:03
2,임시우,1995-02-09,출석,09:01,18:00
2,황유진,1998-02-23,출석,08:42,18:05
2,이주원,2004-01-13,출석,09:04,18:05
2,박채원,2000-10-25,출석,08:49,18:06
2,송지훈,1990-12-09,출석,08:35,18:07
2,황나은,1994-06-20,출석,09:03,18:02
2,송승현,2002-05-23,출석,09:09,18:09
2,정소율,1998-06-05,출석,09:08,18:00
2,이태윤,1995-04-09,지각,09:12,18:05
2,신아린,1996-12-21,출석,08:49,18:04
2,한재윤,1995-11-16,출석,08:45,18:00
2,황가영,2002-05-18,출석,09:09,18:03
2,서동현,1992-03-04,출석,09:06,18:07
2,권보라,1998-06-04,출석,08:59,18:09
3,신민준,2001-10-15,출석,09:09,18:11
3,오서연,1999-12-27,출석,08:55,
3,김지호,2001-06-24,출석,08:43,18:08
3,임하윤,2003-09-22,출석,08:48,18:04
3,조도현,1998-11-10,출석,09:02,18:04
3,이수아,1995-12-26,조퇴,08:48,15:21
3,한예준,1993-02-26,출석,08:59,18:07
3,안지우,1995-05-16,지각,09:12,18:00
3,권건우,1990-08-28,출석,08:36,18:11
3,박서윤,1993-09-11,출석,08:50,18:05
3,윤현우,1998-07-06,출석,08:43,18:09
3,전지안,1992-05-02,출석,08:57,18:00
3,서우진,2004-11-05,인정결석,,
3,황하은,2001-08-28,출석,08:46,18:09
3,송선우,1991-02-16,출석,08:52,18:11
3,한다은,2004-08-28,출석,08:39,18:07
3,임시우,1995-02-09,출석,09:03,18:09
3,황유진,1998-02-23,출석,09:03,18:08
3,이주원,2004-01-13,출석,08:35,18:06
3,박채원,2000-10-25,출석,08:47,18:07
3,송지훈,1990-12-09,출석,09:02,18:02
3,황나은,1994-06-20,출석,09:07,18:12
3,송승현,2002-05-23,출석,09:08,18:05
3,정소율,1998-06-05,출석,09:00,18:00
3,이태윤,1995-04-09,출석,08:47,18:08
3,신아린,1996-12-21,출석,08:52,18:09
3,한재윤,1995-11-16,출석,09:04,18:04
3,황가영,2002-05-18,출석,08:40,18:01
3,서동현,1992-03-04,출석,08:51,18:02
3,권보라,1998-06-04,출석,08:52,18:05
4,신민준,2001-10-15,출석,08:39,18:12
4,오서연,1999-12-27,출석,09:05,18:12
4,김지호,2001-06-24,출석,08:46,18:12
4,임하윤,2003-09-22,출석,08:46,18:12
4,조도현,1998-11-10,출석,08:46,18:10
4,이수아,1995-12-26,출석,08:53,18:01
4,한예준,1993-02-26,출석,08:35,18:02
4,안지우,1995-05-16,출석,09:02,18:00
4,권건우,1990-08-28,출석,08:37,
4,박서윤,1993-09-11,출석,08:38,18:02
4,윤현우,1998-07-06,출석,09:02,18:02
4,전지안,1992-05-02,출석,08:38,
4,서우진,2004-11-05,결석,,
4,황하은,2001-08-28,출석,08:57,18:07
4,송선우,1991-02-16,출석,08:45,18:12
4,한다은,2004-08-28,출석,09:00,18:01
4,임시우,1995-02-09,출석,09:02,18:10
4,황유진,1998-02-23,출석,08:41,18:01
4,이주원,2004-01-13,출석,08:55,18:03
4,박채원,2000-10-25,출석,08:36,18:09
4,송지훈,1990-12-09,조퇴,08:43,16:13
4,황나은,1994-06-20,출석,08:51,18:01
4,송승현,2002-05-23,결석,,
4,정소율,1998-06-05,출석,08:54,18:00
4,이태윤,1995-04-09,출석,08:50,18:12
4,신아린,1996-12-21,출석,08:38,18:11
4,한재윤,1995-11-16,출석,09:00,18:00
4,황가영,2002-05-18,출석,08:45,18:02
4,서동현,1992-03-04,출석,09:06,18:11
4,권보라,1998-06-04,출석,08:51,18:07
5,신민준,2001-10-15,지각,09:29,18:08
5,오서연,1999-12-27,출석,08:55,18:08
5,김지호,2001-06-24,출석,08:37,18:11
5,임하윤,2003-09-22,출석,08:40,18:08
5,조도현,1998-11-10,출석,08:51,18:04
5,이수아,1995-12-26,출석,08:57,18:01
5,한예준,1993-02-26,인정결석,,
5,안지우,1995-05-16,출석,09:00,18:10
5,권건우,1990-08-28,출석,08:47,18:11
5,박서윤,1993-09-11,지각,09:31,18:02
5,윤현우,1998-07-06,지각,09:19,18:07
5,전지안,1992-05-02,출석,08:53,18:00
5,서우진,2004-11-05,출석,08:35,18:08
5,황하은,2001-08-28,출석,08:56,18:03
5,송선우,1991-02-16,출석,08:57,18:05
5,한다은,2004-08-28,출석,08:54,18:08
5,임시우,1995-02-09,출석,08:40,18:06
5,황유진,1998-02-23,출석,09:09,18:06
5,이주원,2004-01-13,인정결석,,
5,박채원,2000-10-25,출석,09:00,18:06
5,송지훈,1990-12-09,출석,08:54,18:08
5,황나은,1994-06-20,출석,08:59,18:12
5,송승현,2002-05-23,출석,08:58,18:07
5,정소율,1998-06-05,출석,08:52,18:05
5,이태윤,1995-04-09,출석,08:58,18:04
5,신아린,1996-12-21,출석,08:40,18:03
5,한재윤,1995-11-16,출석,08:41,18:10
5,황가영,2002-05-18,출석,08:58,18:01
5,서동현,1992-03-04,출석,08:46,18:11
5,권보라,1998-06-04,지각,09:28,18:05
6,신민준,2001-10-15,출석,08:41,18:00
6,오서연,1999-12-27,출석,08:47,18:12
6,김지호,2001-06-24,출석,08:47,18:06
6,임하윤,2003-09-22,출석,08:36,18:00
6,조도현,1998-11-10,출석,09:04,18:12
6,이수아,1995-12-26,지각,09:35,18:07
6,한예준,1993-02-26,출석,08:47,18:11
6,안지우,1995-05-16,출석,08:57,18:04
6,권건우,1990-08-28,출석,08:58,18:05
6,박서윤,1993-09-11,출석,08:44,18:00
6,윤현우,1998-07-06,출석,09:03,18:00
6,전지안,1992-05-02,출석,09:09,18:00
6,서우진,2004-11-05,출석,08:51,18:00
6,황하은,2001-08-28,출석,08:36,18:03
6,송선우,1991-02-16,출석,08:52,18:01
6,한다은,2004-08-28,출석,08:49,18:00
6,임시우,1995-02-09,출석,09:02,18:08
6,황유진,1998-02-23,지각,09:15,18:03
6,이주원,2004-01-13,출석,08:52,18:11
6,박채원,2000-10-25,출석,09:01,18:11
6,송지훈,1990-12-09,조퇴,08:44,17:13
6,황나은,1994-06-20,출석,09:06,18:11
6,송승현,2002-05-23,출석,08:57,18:07
6,정소율,1998-06-05,출석,08:43,
6,이태윤,1995-04-09,출석,08:49,18:00
6,신아린,1996-12-21,지각,09:18,18:05
6,한재윤,1995-11-16,출석,09:04,18:11
6,황가영,2002-05-18,지각,09:34,18:06
6,서동현,1992-03-04,출석,08:50,18:09
6,권보라,1998-06-04,출석,08:59,18:09
7,신민준,2001-10-15,출석,08:52,18:05
7,오서연,1999-12-27,출석,08:46,18:03
7,김지호,2001-06-24,출석,08:39,18:10
7,임하윤,2003-09-22,출석,08:37,18:00
7,조도현,1998-11-10,출석,08:37,18:04
7,이수아,1995-12-26,출석,08:44,18:10
7,한예준,1993-02-26,출석,08:45,18:11
7,안지우,1995-05-16,출석,09:03,18:01
7,권건우,1990-08-28,출석,08:54,
7,박서윤,1993-09-11,출석,08:38,18:10
7,윤현우,1998-07-06,출석,08:51,18:07
7,전지안,1992-05-02,출석,08:35,18:00
7,서우진,2004-11-05,출석,09:08,18:07
7,황하은,2001-08-28,출석,08:53,18:12
7,송선우,1991-02-16,출석,08:50,18:05
7,한다은,2004-08-28,출석,08:35,18:03
7,임시우,1995-02-09,출석,08:40,18:01
7,황유진,1998-02-23,출석,08:48,18:10
7,이주원,2004-01-13,출석,09:06,18:08
7,박채원,2000-10-25,출석,09:03,18:05
7,송지훈,1990-12-09,출석,09:05,18:00
7,황나은,1994-06-20,출석,09:00,18:10
7,송승현,2002-05-23,출석,08:59,18:07
7,정소율,1998-06-05,출석,08:48,18:04
7,이태윤,1995-04-09,출석,08:37,18:10
7,신아린,1996-12-21,출석,09:05,18:00
7,한재윤,1995-11-16,출석,09:03,
7,황가영,2002-05-18,출석,08:53,18:02
7,서동현,1992-03-04,출석,09:05,18:01
7,권보라,1998-06-04,출석,08:41,18:03
8,신민준,2001-10-15,출석,08:40,18:04
8,오서연,1999-12-27,출석,09:05,
8,김지호,2001-06-24,출석,08:49,18:11
8,임하윤,2003-09-22,지각,09:12,18:06
8,조도현,1998-11-10,출석,09:08,18:06
8,이수아,1995-12-26,출석,08:52,18:06
8,한예준,1993-02-26,출석,08:36,18:09
8,안지우,1995-05-16,출석,08:53,18:05
8,권건우,1990-08-28,출석,09:05,18:07
8,박서윤,1993-09-11,출석,08:38,18:01
8,윤현우,1998-07-06,출석,09:02,18:12
8,전지안,1992-05-02,출석,08:56,18:10
8,서우진,2004-11-05,조퇴,08:49,17:10
8,황하은,2001-08-28,출석,08:43,18:03
8,송선우,1991-02-16,지각,09:44,18:03
8,한다은,2004-08-28,출석,09:02,18:00
8,임시우,1995-02-09,출석,08:46,18:03
8,황유진,1998-02-23,출석,08:37,18:00
8,이주원,2004-01-13,출석,08:44,18:05
8,박채원,2000-10-25,출석,08:57,18:06
8,송지훈,1990-12-09,출석,08:46,18:05
8,황나은,1994-06-20,지각,09:34,18:08
8,송승현,2002-05-23,출석,08:44,18:12
8,정소율,1998-06-05,출석,09:04,18:06
8,이태윤,1995-04-09,출석,08:58,18:01
8,신아린,1996-12-21,출석,08:49,18:07
8,한재윤,1995-11-16,출석,09:02,18:01
8,황가영,2002-05-18,출석,08:40,18:12
8,서동현,1992-03-04,출석,08:52,18:09
8,권보라,1998-06-04,출석,08:49,18:09
9,신민준,2001-10-15,출석,08:43,18:07
9,오서연,1999-12-27,출석,08:43,18:09
9,김지호,2001-06-24,출석,08:42,18:08
9,임하윤,2003-09-22,출석,08:41,18:07
9,조도현,1998-11-10,출석,08:59,
9,이수아,1995-12-26,출석,08:49,18:07
9,한예준,1993-02-26,출석,08:45,18:12
9,안지우,1995-05-16,출석,08:45,18:06
9,권건우,1990-08-28,출석,08:59,18:04
9,박서윤,1993-09-11,출석,08:51,18:11
9,윤현우,1998-07-06,조퇴,08:50,16:33
9,전지안,1992-05-02,출석,08:46,18:12
9,서우진,2004-11-05,출석,09:07,18:03
9,황하은,2001-08-28,출석,09:00,18:05
9,송선우,1991-02-16,출석,08:56,18:10
9,한다은,2004-08-28,출석,08:55,18:02
9,임시우,1995-02-09,출석,09:04,18:10
9,황유진,1998-02-23,출석,08:37,18:05
9,이주원,2004-01-13,출석,08:40,18:09
9,박채원,2000-10-25,출석,08:58,18:09
9,송지훈,1990-12-09,출석,08:56,18:11
9,황나은,1994-06-20,출석,08:57,18:12
9,송승현,2002-05-23,출석,08:54,18:05
9,정소율,1998-06-05,출석,08:39,18:02
9,이태윤,1995-04-09,출석,08:58,18:06
9,신아린,1996-12-21,출석,09:00,18:02
9,한재윤,1995-11-16,출석,09:09,18:03
9,황가영,2002-05-18,출석,08:44,18:04
9,서동현,1992-03-04,출석,08:51,18:05
9,권보라,1998-06-04,출석,08:54,18:02
10,신민준,2001-10-15,출석,09:08,18:08
10,오서연,1999-12-27,출석,09:05,18:07
10,김지호,2001-06-24,출석,08:56,18:10
10,임하윤,2003-09-22,출석,09:06,18:09
10,조도현,1998-11-10,출석,08:37,18:00
10,이수아,1995-12-26,출석,08:43,18:02
10,한예준,1993-02-26,출석,08:57,18:08
10,안지우,1995-05-16,출석,08:53,18:02
10,권건우,1990-08-28,출석,08:51,18:04
10,박서윤,1993-09-11,출석,08:50,18:06
10,윤현우,1998-07-06,출석,08:37,18:11
10,전지안,1992-05-02,지각,09:27,18:02
10,서우진,2004-11-05,출석,08:45,18:02
10,황하은,2001-08-28,출석,08:55,18:12
10,송선우,1991-02-16,출석,09:04,18:02
10,한다은,2004-08-28,출석,08:55,18:02
10,임시우,1995-02-09,출석,08:51,18:04
10,황유진,1998-02-23,출석,08:58,18:04
10,이주원,2004-01-13,출석,08:42,18:11
10,박채원,2000-10-25,출석,09:06,18:07
10,송지훈,1990-12-09,출석,09:09,18:04
10,황나은,1994-06-20,출석,08:41,18:10
10,송승현,2002-05-23,출석,09:09,18:12
10,정소율,1998-06-05,출석,09:05,18:07
10,이태윤,1995-04-09,출석,08:59,18:11
10,신아린,1996-12-21,출석,08:48,18:02
10,한재윤,1995-11-16,출석,08:44,18:02
10,황가영,2002-05-18,출석,08:42,18:08
10,서동현,1992-03-04,출석,08:56,18:12
10,권보라,1998-06-04,출석,08:35,18:04
11,신민준,1990-01-01,출석,08:50,18:00
3,윤태민,,출석,08:50,18:00
4,김지호,1980-05-05,출석,08:55,18:00
5,임하윤,,출석,9시,18:00
6,조도현,,미확인,08:55,18:00
7,이수아,,출석,08:55,18:00
